-- Dummy Data --
DELETE FROM dummy;
INSERT INTO dummy (created) VALUES (current_timestamp);

-- Populate Your Tables Here --
DELETE FROM member;
insert into member (id, member, email, password_hash) values ('523a986c-5a92-4004-9a8d-2d05b609dc81', '{"firstName": "Barry", "lastName": "Gallanders", "phoneNumber": "4004336170"}', 'bgallanders0@youtube.com', crypt('password', gen_salt('bf')));
insert into member (id, member, email, password_hash) values ('5b92ca7e-6504-4fd5-afc2-3b00f139234e', '{"firstName": "Rod", "lastName": "Meecher", "phoneNumber": "4759440682"}', 'rmeecher1@godaddy.com', crypt('badpassword', gen_salt('bf')));
insert into member (id, member, email, password_hash) values ('40113ca4-4857-48d6-a1f3-eecab58a67c6', '{"firstName": "Kris", "lastName": "Steffan", "phoneNumber": "4239377152"}', 'ksteffan2@oakley.com', crypt('5GYPNfal5I', gen_salt('bf')));
insert into member (id, member, email, password_hash) values ('522fce85-3aa2-43ec-b997-69093143478f', '{"firstName": "Andrea", "lastName": "Upwood", "phoneNumber": "6629203090"}', 'aupwood3@wsj.com', crypt('FDGWaQO', gen_salt('bf')));
insert into member (id, member, email, password_hash) values ('7b917fe4-a164-414c-a80b-1b84bb2a4dd3', '{"firstName": "Yvonne", "lastName": "Nicole", "phoneNumber": "8112363339"}', 'ynicol4@people.com.cn', crypt('E3yfIb4ORzLA', gen_salt('bf')));
insert into member (id, member, email, password_hash) values ('71cc8fdc-a91c-47ee-8c6e-86df881b8eaa', '{"firstName": "Anthony", "lastName": "Dreger", "phoneNumber": "3017824239"}', 'adreger5@yolasite.com', crypt('uvyKjlLmr', gen_salt('bf')));
insert into member (id, member, email, password_hash) values ('0132f319-d082-4eda-b2f1-3c8e17794a71', '{"firstName": "Michael", "lastName": "Filov", "phoneNumber": "4259373152"}', 'mfilov6@hao123.com', crypt('9xAqoE3N5L', gen_salt('bf')));
insert into member (id, member, email, password_hash) values ('7a453931-2308-45c6-b3b4-e7084ad83a93', '{"firstName": "Perry", "lastName": "Waterridge", "phoneNumber": "4232377552"}', 'pswateridge7@washingtonpost.com', crypt('cluXep8nRkgA', gen_salt('bf')));
insert into member (id, member, email, password_hash) values ('2afd1ed4-a3a2-4b61-b37d-439203d99976', '{"firstName": "Daniel", "lastName": "Dalliwater", "phoneNumber": "6124203091"}', 'ddalliwater8@so-net.ne.jp', crypt('csIywgn5ybA', gen_salt('bf')));
insert into member (id, member, email, password_hash) values ('3cd6c9dc-a941-4702-8476-16c71c6244f1', '{"firstName": "Nicole", "lastName": "Poulgreen", "phoneNumber": "4154332470"}', 'npoulgreen9@usnews.com', crypt('eDkLogOWkM5', gen_salt('bf')));

DELETE FROM category;
insert into category (id, category) values ('3fc8800d-56bd-41bb-b103-026c0e1453da', '{"name": "Vehicles", "associated_filters": [], "subcategories": ["a4383321-84ff-4b6e-8f57-86fd4ae7d9b9", "ed5a6dc4-eabf-4412-83ba-bdacb37de451"],"icon": "https://img.icons8.com/material-outlined/24/000000/suv--v1.png"}');
insert into category (id, parent_id, category) values ('ed5a6dc4-eabf-4412-83ba-bdacb37de451', '3fc8800d-56bd-41bb-b103-026c0e1453da', '{"name": "Cars", "associated_filters": [], "subcategories": []}');
insert into category (id, parent_id, category) values ('a4383321-84ff-4b6e-8f57-86fd4ae7d9b9', '3fc8800d-56bd-41bb-b103-026c0e1453da', '{"name": "Trucks", "associated_filters": [], "subcategories": []}');

insert into category (id, category) values ('be2141dd-e48a-4964-9675-d8d942b009d3', '{"name": "Property Rentals", "associated_filters": [], "subcategories": ["115b60b4-414f-4a11-b7d7-58705aaf7be0", "77786811-1098-4252-a52e-8e3903113151"], "icon": "https://img.icons8.com/material-outlined/24/000000/sell-property--v1.png"}');
insert into category (id, parent_id, category) values ('115b60b4-414f-4a11-b7d7-58705aaf7be0', 'be2141dd-e48a-4964-9675-d8d942b009d3', '{"name": "Apartment", "associated_filters": [], "subcategories": []}');
insert into category (id, parent_id, category) values ('77786811-1098-4252-a52e-8e3903113151', 'be2141dd-e48a-4964-9675-d8d942b009d3', '{"name": "House", "associated_filters": [], "subcategories": []}');

insert into category (id, category) values ('eb386d21-1805-4828-b672-686d1e44b7dd', '{"name": "Apparel", "associated_filters": [], "subcategories": [], "icon": "https://img.icons8.com/material-outlined/24/000000/clothes.png"}');
insert into category (id, parent_id, category) values ('9d8c273f-d71b-45ac-aa23-343c38a5f839', 'eb386d21-1805-4828-b672-686d1e44b7dd', '{"name": "Shirts", "associated_filters": [], "subcategories": []}');
insert into category (id, parent_id, category) values ('39d536ba-af37-45b2-9d6f-f620f8f7b91a', 'eb386d21-1805-4828-b672-686d1e44b7dd', '{"name": "Jeans", "associated_filters": [], "subcategories": []}');

insert into category (id, category) values ('1ec5a85b-0c85-4a55-8386-2894f769a0f3', '{"name": "Electronics", "associated_filters": [], "subcategories": [], "icon": "https://img.icons8.com/material/24/000000/multiple-devices--v1.png"}');
insert into category (id, category) values ('266d8561-7010-422b-bb31-e213160e36c5', '{"name": "Entertainment", "associated_filters": [], "subcategories": [], "icon": "https://img.icons8.com/material-outlined/24/000000/movie-projector.png"}');
insert into category (id, category) values ('d497853e-2be3-4664-9fa6-0287b9a42173', '{"name": "Family", "associated_filters": [], "subcategories": [], "icon": "https://img.icons8.com/material-outlined/24/000000/family--v1.png"}');
insert into category (id, category) values ('655d3c0b-4bda-4a9d-9962-923cf1ba8d29', '{"name": "Free Stuff", "associated_filters": [], "subcategories": [], "icon": "https://img.icons8.com/material-outlined/24/000000/price-tag.png"}');
insert into category (id, category) values ('30f24b91-264a-4912-a0c7-c0849b1cdf6a', '{"name": "Garden & Outdoor", "associated_filters": [], "subcategories": [], "icon": "https://img.icons8.com/material-outlined/24/000000/lawn-care.png"}');
insert into category (id, category) values ('340a1c97-0abc-44a2-ac93-293cd3fde9f6', '{"name": "Hobbies", "associated_filters": [], "subcategories": [], "icon": "https://img.icons8.com/material-outlined/24/000000/hand-with-pen.png"}');
insert into category (id, category) values ('5e64d427-0bdd-4235-890b-b35699190bfc', '{"name": "Home Goods", "associated_filters": [], "subcategories": [], "icon": "https://img.icons8.com/material-outlined/24/000000/appliances.png"}');
insert into category (id, category) values ('108f8432-d773-484d-a12f-19a5cad88c98', '{"name": "Musical Instruments", "associated_filters": [], "subcategories": [], "icon": "https://img.icons8.com/material/24/000000/guitar.png"}');
insert into category (id, category) values ('8ccdb0d0-ce98-4897-9071-db332053eaed', '{"name": "Office Supplies", "associated_filters": [], "subcategories": [], "icon": "https://img.icons8.com/material-outlined/24/000000/office-chair-2.png"}');
insert into category (id, category) values ('3d6dae15-f361-47c4-9474-6f2d597252df', '{"name": "Pet Supplies", "associated_filters": [], "subcategories": [], "icon": "https://img.icons8.com/material-outlined/24/000000/border-collie.png"}');
insert into category (id, category) values ('0abc903b-ea11-4499-b2fb-d72fa8456a30', '{"name": "Sporting Goods", "associated_filters": [], "subcategories": [], "icon": "https://img.icons8.com/material-outlined/24/000000/sport.png"}');
insert into category (id, category) values ('3b68d56d-440d-4f10-80bc-87ac7b98ea64', '{"name": "Toys & Games", "associated_filters": [], "subcategories": [], "icon": "https://img.icons8.com/material-outlined/24/000000/toy-car.png"}');

DELETE FROM listing;
insert into listing (id, category_id, member_id, listing) values ('e47327e8-61ab-430b-a852-b1e6a92c03ac', 'a4383321-84ff-4b6e-8f57-86fd4ae7d9b9', '7b917fe4-a164-414c-a80b-1b84bb2a4dd3', '{"title":"2012 Ford Ranger", "price":"1,200", "description":"Lorem Ipsum is simply dummy text of the printing and typesetting industry. Lorem Ipsum has been the industrys standard dummy text ever since the 1500s, when an unknown printer took a galley of type and scrambled it to make a type specimen book. It has survived not only five centuries, but also the leap into electronic typesetting, remaining essentially unchanged. It was popularised in the 1960s with the release of test description Letraset sheets containing Lorem Ipsum passages, and more recently with desktop publishing software like Aldus PageMaker including versions of Lorem Ipsum.Lorem Ipsum is simply dummy text of the printing and typesetting industry. Lorem Ipsum has been the industrys standard dummy text ever since the 1500s, when an unknown printer took a galley of type and scrambled it to make a type specimen book. It has survived not only five centuries, but also the leap into electronic typesetting, remaining essentially unchanged. It was popularised in the 1960s with the release of Letraset sheets containing Lorem Ipsum passages, and more recently with desktop publishing software like Aldus PageMaker including versions of Lorem Ipsum.Lorem Ipsum is simply dummy text of the printing and typesetting industry. Lorem Ipsum has been the industrys standard dummy text ever since the 1500s, when an unknown printer took a galley of type and scrambled it to make a type specimen book. It has survived not only five centuries, but also the leap into electronic typesetting, remaining essentially unchanged. It was popularised in the 1960s with the release of Letraset sheets containing Lorem Ipsum passages, and more recently with desktop publishing software like Aldus PageMaker including versions of Lorem Ipsum.", "date_posted":"2020-01-17T01:27:34Z", "location":{"state":"CA", "city":"Santa Cruz", "country":"Unites States"}, "images":["https://hips.hearstapps.com/hmg-prod.s3.amazonaws.com/images/2020-ford-ranger-106-1571685769.jpg?crop=0.840xw:0.840xh;0.0657xw,0.110xh&resize=240:*", "https://hips.hearstapps.com/hmg-prod.s3.amazonaws.com/images/2020-ford-ranger-101-1571685768.jpg?crop=0.840xw:0.840xh;0.0657xw,0.124xh&resize=240:*", "https://hips.hearstapps.com/hmg-prod.s3.amazonaws.com/images/2021-ford-ranger-tremor-106-leadstatic-1612842282.jpg?crop=0.840xw:0.840xh;0.0657xw,0.124xh&resize=240:*", "https://hips.hearstapps.com/hmg-prod.s3.amazonaws.com/images/2021-ford-ranger-tremor-349-leadaction-1612842298.jpg?crop=0.840xw:0.840xh;0.0657xw,0.124xh&resize=240:*"], "replies":[{"userName": "Barry Gallanders", "content": "Can you do $150?", "datePosted": "2020-01-19T01:27:34Z"}, {"userName": "Rod Meecher", "content": "Looks great!", "datePosted": "2020-01-31T02:45:39Z"}]}');
insert into listing (id, category_id, member_id, listing) values ('c6787a4a-4452-464c-8b9c-d851a0a1285e', '3fc8800d-56bd-41bb-b103-026c0e1453da', '40113ca4-4857-48d6-a1f3-eecab58a67c6', '{"title":"2018 Subaru WRX STI", "price":"42,000", "description":"Lorem Ipsum is simply dummy text of the printing and typesetting industry. Lorem Ipsum has been the industrys standard dummy text ever since the 1500s, when an unknown printer took a galley of type and scrambled it to make a type specimen book. It has survived not only five centuries, but also the leap into electronic typesetting, remaining essentially unchanged. It was popularised in the 1960s with the release of Letraset sheets containing Lorem Ipsum passages, and test description more recently with desktop publishing software like Aldus PageMaker including versions of Lorem Ipsum.Lorem Ipsum is simply dummy text of the printing and typesetting industry. Lorem Ipsum has been the industrys standard dummy text ever since the 1500s, when an unknown printer took a galley of type and scrambled it to make a type specimen book. It has survived not only five centuries, but also the leap into electronic typesetting, remaining essentially unchanged. It was popularised in the 1960s with the release of Letraset sheets containing Lorem Ipsum passages, and more recently with desktop publishing software like Aldus PageMaker including versions of Lorem Ipsum.Lorem Ipsum is simply dummy text of the printing and typesetting industry. Lorem Ipsum has been the industrys standard dummy text ever since the 1500s, when an unknown printer took a galley of type and scrambled it to make a type specimen book. It has survived not only five centuries, but also the leap into electronic typesetting, remaining essentially unchanged. It was popularised in the 1960s with the release of Letraset sheets containing Lorem Ipsum passages, and more recently with desktop publishing software like Aldus PageMaker including versions of Lorem Ipsum.", "date_posted":"2020-01-17T01:27:34Z", "location":{"state":"CA", "city":"Santa Cruz", "country":"Unites States"}, "images":["https://hips.hearstapps.com/hmg-prod.s3.amazonaws.com/images/2020-subaru-wrx-sti-mmp-1-1568320026.jpg?crop=0.840xw:0.840xh;0.0657xw,0.124xh&resize=240:*", "https://hips.hearstapps.com/hmg-prod/amv-prod-cad-assets/images/media/51/2015-subaru-wrx-inline2-photo-566933-s-original.jpg?crop=0.840xw:0.840xh;0.0657xw,0.124xh&resize=240:*", "http://o.aolcdn.com/hss/storage/adam/3e7ceb911290bc86c3c23cce3a6273e8/lead6-2015-subaru-wrx-fd.jpg", "https://encrypted-tbn0.gstatic.com/images?q=tbn:ANd9GcQI8-trTdo4xQuoycNDZ_ABttF1BvcWK_oXKaM82DO2usqzh64llsaCxN2oCh6zIneDUlw&usqp=CAU", "https://encrypted-tbn0.gstatic.com/images?q=tbn:ANd9GcT9hSpO7JR0O4LbOe0ccFP_fMb8W-8f2KF3eZTXK_N3UkzMLnHcYrPI4tGXrVR9SNkErF4&usqp=CAU", "https://hips.hearstapps.com/hmg-prod/amv-prod-cad-assets/images/media/51/2015-subaru-wrx-inline1-photo-566856-s-original.jpg?crop=0.840xw:0.840xh;0.0657xw,0.124xh&resize=240:*", "https://hips.hearstapps.com/hmg-prod/amv-prod-cad-assets/images/14q1/562747/2015-subaru-wrx-sedan-manual-test-review-car-and-driver-photo-566711-s-original.jpg?crop=0.840xw:0.840xh;0.0657xw,0.124xh&resize=240:*", "https://pictures.dealer.com/r/ryesubarusoa/1914/fb108294f06e60730f55c0a294b9c041x.jpg?impolicy=resize&w=200"], "replies":[{"userName": "Kris Steffan", "content": "Are you willing to go any lower?", "datePosted": "2020-01-21T01:34:59Z"}]}');
insert into listing (id, category_id, member_id, listing) values ('8465534f-ad7e-4fc1-a33e-d2b2dcc1d617', 'ed5a6dc4-eabf-4412-83ba-bdacb37de451', '7a453931-2308-45c6-b3b4-e7084ad83a93', '{"title":"2010 Toyota Prius", "price":"9,200", "description":"Lorem Ipsum is simply dummy text of the printing and typesetting industry. Lorem Ipsum has been the industrys standard dummy text ever since the 1500s, when an unknown printer took a galley of type and scrambled it to make a type specimen book. It has survived not only five centuries, but also the leap into electronic typesetting, remaining essentially unchanged. It was popularised in the 1960s with the release of Letraset sheets containing Lorem Ipsum passages, and more recently test description with desktop publishing software like Aldus PageMaker including versions of Lorem Ipsum.", "date_posted":"2020-01-17T01:27:34Z", "location":{"state":"CA", "city":"Santa Cruz", "country":"Unites States"}, "images":["https://hips.hearstapps.com/hmg-prod.s3.amazonaws.com/images/2020-toyota-prius-mmp-1-1565732347.jpg?crop=0.891xw:1.00xh;0.0353xw,0&resize=240:*", "https://hips.hearstapps.com/hmg-prod/amv-prod-cad-assets/images/15q2/657948/2015-toyota-prius-review-car-and-driver-photo-660322-s-original.jpg?crop=0.840xw:0.840xh;0.0657xw,0.124xh&resize=240:*", "https://hips.hearstapps.com/hmg-prod/amv-prod-cad-assets/images/11q4/424154/2012-toyota-prius-plug-in-hybrid-photos-and-info-news-car-and-driver-photo-433599-s-original.jpg?crop=0.840xw:0.840xh;0.0657xw,0.124xh&resize=240:*"], "replies":[]}');
insert into listing (id, category_id, member_id, listing) values ('ea77f755-4e52-4c1f-ab21-05d15c3e60ed', 'eb386d21-1805-4828-b672-686d1e44b7dd', '2afd1ed4-a3a2-4b61-b37d-439203d99976', '{"title":"Mens Sweater", "price":"19.99", "description":"Lorem Ipsum is simply dummy text of the printing and typesetting industry. Lorem Ipsum has been the industrys standard dummy text ever since the 1500s, when an unknown printer took a galley of type and scrambled it to make a type specimen book. It has survived not only five centuries, but also the leap into electronic typesetting, remaining essentially unchanged. It was popularised in the 1960s with the release of Letraset sheets containing Lorem Ipsum passages, and more recently with test description desktop publishing software like Aldus PageMaker including versions of Lorem Ipsum.", "date_posted":"2020-01-17T01:27:34Z", "location":{"state":"CA", "city":"Santa Cruz", "country":"Unites States"}, "images":["https://hips.hearstapps.com/hmg-prod.s3.amazonaws.com/images/cable-knit-1610640392.jpg?crop=0.750xw:0.840xh;0.0657xw,0.124xh&resize=240:*"], "replies":[]}');
insert into listing (id, category_id, member_id, listing) values ('45b8bdcb-ab9d-4dcd-a9bf-d3373fdb9bf5', '39d536ba-af37-45b2-9d6f-f620f8f7b91a', '7b917fe4-a164-414c-a80b-1b84bb2a4dd3', '{"title":"Mens Hollister Jeans", "price":"75", "description":"Lorem Ipsum is simply dummy text of the printing and typesetting industry. Lorem Ipsum has been the industrys standard dummy text ever since the 1500s, when an unknown printer took a galley of type and scrambled it to make a type specimen book. It has survived not only five centuries, but also the leap into electronic typesetting, test description remaining essentially unchanged. It was popularised in the 1960s with the release of Letraset sheets containing Lorem Ipsum passages, and more recently with desktop publishing software like Aldus PageMaker including versions of Lorem Ipsum.", "date_posted":"2020-01-17T01:27:34Z", "location":{"state":"CA", "city":"Santa Cruz", "country":"Unites States"}, "images":["https://hips.hearstapps.com/hmg-prod.s3.amazonaws.com/images/best-jeans-2021-lead-1627912732.jpg?crop=0.832xw:0.912xh;0,0&resize=240:*"], "replies":[]}');

insert into listing (id, category_id, member_id, listing) values ('5056c013-37e3-41a1-8c90-23de087ff39a', '9d8c273f-d71b-45ac-aa23-343c38a5f839', '40113ca4-4857-48d6-a1f3-eecab58a67c6', '{"title":"Mens Shirt", "price":"19.99", "description":"Lorem Ipsum is simply dummy text of the printing and typesetting industry. Lorem Ipsum has been the industrys standard dummy text ever since the 1500s, when an unknown printer took a galley of type and scrambled it to make a type specimen book. It has survived not only five centuries, but also the leap into electronic typesetting, remaining essentially unchanged. It was popularised in the 1960s with the release of Letraset sheets containing Lorem Ipsum passages, and more recently test description with desktop publishing software like Aldus PageMaker including versions of Lorem Ipsum.", "date_posted":"2020-01-17T01:27:34Z", "location":{"state":"CA", "city":"Santa Cruz", "country":"Unites States"}, "images":["https://hips.hearstapps.com/hmg-prod.s3.amazonaws.com/images/best-performance-shirts-lead-1621447009.jpg?crop=0.840xw:0.840xh;0.0657xw,0.124xh&resize=240:*"], "replies":[]}');
insert into listing (id, category_id, member_id, listing) values ('6a169e35-9fad-444c-a950-796c1c3155bf', 'ed5a6dc4-eabf-4412-83ba-bdacb37de451', '5b92ca7e-6504-4fd5-afc2-3b00f139234e', '{"title":"1998 Ford Mustang", "price":"6,500", "description":"Lorem Ipsum is simply dummy text of the printing and typesetting industry. Lorem Ipsum has been the industrys standard dummy text ever since the 1500s, when an unknown printer took a galley of type and scrambled it to make a type specimen book. It has survived not only five centuries, but also the leap into electronic typesetting, remaining essentially unchanged. It was popularised in the 1960s with the release of Letraset sheets containing Lorem Ipsum passages, and test description more recently with desktop publishing software like Aldus PageMaker including versions of Lorem Ipsum.", "date_posted":"2020-01-17T01:27:34Z", "location":{"state":"TX", "city":"Dallas", "country":"Unites States"}, "images":["https://hips.hearstapps.com/hmg-prod/amv-prod-cad-assets/images/media/267321/1996-ford-mustang-gt-archived-instrumented-test-review-car-and-driver-photo-559707-s-original.jpg?crop=0.832xw:0.912xh;0,0&resize=240:*"], "replies":[]}');
insert into listing (id, category_id, member_id, listing) values ('aa6e3a0c-399e-4b45-b3e8-4f7af966f1a5', 'ed5a6dc4-eabf-4412-83ba-bdacb37de451', '2afd1ed4-a3a2-4b61-b37d-439203d99976', '{"title":"2007 Toyota Yaris", "price":"7,500", "description":"Lorem Ipsum is simply dummy text of the printing and typesetting industry. Lorem Ipsum has been the industrys standard dummy text ever since the 1500s, when an unknown printer took a galley of type and scrambled it to make a type specimen book. It has survived not only five centuries, but also the leap into electronic typesetting, remaining essentially unchanged. It was popularised in the 1960s with the release of Letraset sheets containing test description Lorem Ipsum passages, and more recently with desktop publishing software like Aldus PageMaker including versions of Lorem Ipsum.", "date_posted":"2020-01-17T01:27:34Z", "location":{"state":"CA", "city":"Santa Cruz", "country":"Unites States"}, "images":["https://hips.hearstapps.com/hmg-prod/amv-prod-cad-assets/images/14q3/612023/2015-toyota-yaris-photos-and-info-news-car-and-driver-photo-619054-s-original.jpg?crop=0.840xw:0.840xh;0.0657xw,0.124xh&resize=240:*"], "replies":[]}');
insert into listing (id, category_id, member_id, listing) values ('bf8a96fb-85f2-43cd-887b-16fc3456cc7a', 'a4383321-84ff-4b6e-8f57-86fd4ae7d9b9', '0132f319-d082-4eda-b2f1-3c8e17794a71', '{"title":"2012 Dodge Ram", "price":"15,000", "description":"Lorem Ipsum is simply dummy text of the printing and typesetting industry. Lorem Ipsum has been the industrys standard dummy text ever since the 1500s, when an unknown printer took a galley of type and scrambled it to make a type specimen book. It has survived not only five centuries, but also the leap into electronic typesetting, remaining essentially unchanged. It was popularised in the 1960s with the release of Letraset sheets containing Lorem Ipsum passages, and more recently with desktop publishing test description software like Aldus PageMaker including versions of Lorem Ipsum.", "date_posted":"2020-01-17T01:27:34Z", "location":{"state":"CA", "city":"Capitola", "country":"Unites States"}, "images":["https://hips.hearstapps.com/hmg-prod.s3.amazonaws.com/images/dodge-ram-srt-pickup-truck-news-photo-1592331966.jpg?crop=0.840xw:0.840xh;0.0657xw,0.124xh&resize=240:*"], "replies":[]}');
insert into listing (id, category_id, member_id, listing) values ('5033610d-c73b-49fd-bbc8-9e1798307ba5', 'a4383321-84ff-4b6e-8f57-86fd4ae7d9b9', '3cd6c9dc-a941-4702-8476-16c71c6244f1', '{"title":"2015 Ford F1-50", "price":"32,000", "description":"Lorem Ipsum is simply dummy text of the printing and typesetting industry. Lorem Ipsum has been the industrys standard dummy text ever since the 1500s, when an unknown printer took a galley of type and scrambled it to make a type specimen book. It has survived not only five centuries, but also the leap into electronic typesetting, remaining essentially unchanged. It was popularised in the 1960s with the release of Letraset sheets containing Lorem Ipsum passages, and more recently with desktop test description publishing software like Aldus PageMaker including versions of Lorem Ipsum.", "date_posted":"2020-01-17T01:27:34Z", "location":{"state":"CA", "city":"Watsonville", "country":"Unites States"}, "images":["https://hips.hearstapps.com/hmg-prod.s3.amazonaws.com/images/2021-ford-f-150-rendering-1586190703.jpg?crop=0.870xw:0.912xh;0,0.106xh&resize=240:*"], "replies":[]}');
insert into listing (id, category_id, member_id, listing) values ('416d7372-1efc-4a80-b59c-f7477f158429', '115b60b4-414f-4a11-b7d7-58705aaf7be0', '7a453931-2308-45c6-b3b4-e7084ad83a93', '{"title":"2 Bed 2 Bath Apartment", "price":"1,000", "description":"Lorem Ipsum is simply dummy text of the printing and typesetting industry. Lorem Ipsum has been the industrys standard dummy text ever since the 1500s, when an unknown printer took a galley of type and scrambled it to make a type specimen book. It has survived not only five centuries, but also the leap into electronic typesetting, remaining essentially unchanged. It was popularised in the 1960s with the release of Letraset sheets containing Lorem Ipsum passages, and more recently test description with desktop publishing software like Aldus PageMaker including versions of Lorem Ipsum.", "date_posted":"2020-01-17T01:27:34Z", "location":{"state":"CA", "city":"Santa Cruz", "country":"Unites States"}, "images":["https://hips.hearstapps.com/hmg-prod.s3.amazonaws.com/images/2-1-1634825177.jpg?crop=0.840xw:0.840xh;0.0657xw,0.124xh&resize=240:*", "https://hips.hearstapps.com/hmg-prod.s3.amazonaws.com/images/small-apartment-design-06-1500582812.jpg?crop=0.840xw:0.840xh;0.0657xw,0.0xh&resize=240:*", "https://hips.hearstapps.com/hmg-prod.s3.amazonaws.com/images/small-apartment-design-07-1500582839.jpg?crop=0.840xw:0.840xh;0.0657xw,0.124xh&resize=240:*"], "replies":[]}');
insert into listing (id, category_id, member_id, listing) values ('18505546-c2c4-4500-b778-78a6289a4e27', '77786811-1098-4252-a52e-8e3903113151', '5b92ca7e-6504-4fd5-afc2-3b00f139234e', '{"title":"3 Bed 1 Bath House", "price":"1,900", "description":"Lorem Ipsum is simply dummy text of the printing and typesetting industry. Lorem Ipsum has been the industrys standard dummy text ever since the 1500s, when an unknown printer took a galley of type and scrambled it to make a type specimen book. It has survived not only five centuries, but also the leap into electronic typesetting, remaining essentially unchanged. It was popularised in the 1960s with the release of Letraset sheets containing Lorem Ipsum passages, and more recently with test description desktop publishing software like Aldus PageMaker including versions of Lorem Ipsum.", "date_posted":"2020-01-17T01:27:34Z", "location":{"state":"CA", "city":"El Sobrante", "country":"Unites States"}, "images":["https://hips.hearstapps.com/hmg-prod.s3.amazonaws.com/images/scream-airbnb-02-exterior-credit-helynn-ospina-1632926760.jpg?crop=0.840xw:0.840xh;0.0657xw,0.124xh&resize=240:*"], "replies":[]}');